PRAGMA foreign_keys=OFF;
BEGIN TRANSACTION;
CREATE TABLE IF NOT EXISTS "django_migrations" ("id" integer NOT NULL PRIMARY KEY AUTOINCREMENT, "app" varchar(255) NOT NULL, "name" varchar(255) NOT NULL, "applied" datetime NOT NULL);
INSERT INTO django_migrations VALUES(1,'contenttypes','0001_initial','2023-02-03 15:26:22.282283');
INSERT INTO django_migrations VALUES(2,'contenttypes','0002_remove_content_type_name','2023-02-03 15:26:22.292489');
INSERT INTO django_migrations VALUES(3,'auth','0001_initial','2023-02-03 15:26:22.320673');
INSERT INTO django_migrations VALUES(4,'auth','0002_alter_permission_name_max_length','2023-02-03 15:26:22.327566');
INSERT INTO django_migrations VALUES(5,'auth','0003_alter_user_email_max_length','2023-02-03 15:26:22.334441');
INSERT INTO django_migrations VALUES(6,'auth','0004_alter_user_username_opts','2023-02-03 15:26:22.341065');
INSERT INTO django_migrations VALUES(7,'auth','0005_alter_user_last_login_null','2023-02-03 15:26:22.347652');
INSERT INTO django_migrations VALUES(8,'auth','0006_require_contenttypes_0002','2023-02-03 15:26:22.350033');
INSERT INTO django_migrations VALUES(9,'auth','0007_alter_validators_add_error_messages','2023-02-03 15:26:22.355612');
INSERT INTO django_migrations VALUES(10,'auth','0008_alter_user_username_max_length','2023-02-03 15:26:22.361490');
INSERT INTO django_migrations VALUES(11,'auth','0009_alter_user_last_name_max_length','2023-02-03 15:26:22.367288');
INSERT INTO django_migrations VALUES(12,'auth','0010_alter_group_name_max_length','2023-02-03 15:26:22.374918');
INSERT INTO django_migrations VALUES(13,'auth','0011_update_proxy_permissions','2023-02-03 15:26:22.380637');
INSERT INTO django_migrations VALUES(14,'auth','0012_alter_user_first_name_max_length','2023-02-03 15:26:22.386392');
INSERT INTO django_migrations VALUES(15,'academy','0001_initial','2023-02-03 15:26:22.398580');
INSERT INTO django_migrations VALUES(16,'academy','0002_alumno','2023-02-03 15:26:22.402254');
INSERT INTO django_migrations VALUES(17,'academy','0003_asistencia','2023-02-03 15:26:22.408967');
INSERT INTO django_migrations VALUES(18,'academy','0004_alter_asistencia_fecha_asistencia','2023-02-03 15:26:22.414963');
INSERT INTO django_migrations VALUES(19,'academy','0005_remove_asistencia_fecha_asistencia_asistencia_fecha','2023-02-03 15:26:22.423307');
INSERT INTO django_migrations VALUES(20,'academy','0006_alumno_status_alter_asistencia_fecha','2023-02-03 15:26:22.433271');
INSERT INTO django_migrations VALUES(21,'academy','0007_alter_asistencia_fecha','2023-02-03 15:26:22.439702');
INSERT INTO django_migrations VALUES(22,'academy','0008_alter_asistencia_fecha','2023-02-03 15:26:22.446167');
INSERT INTO django_migrations VALUES(23,'academy','0009_alter_asistencia_fecha','2023-02-03 15:26:22.452562');
INSERT INTO django_migrations VALUES(24,'admin','0001_initial','2023-02-03 15:26:22.466563');
INSERT INTO django_migrations VALUES(25,'admin','0002_logentry_remove_auto_add','2023-02-03 15:26:22.480639');
INSERT INTO django_migrations VALUES(26,'admin','0003_logentry_add_action_flag_choices','2023-02-03 15:26:22.488661');
INSERT INTO django_migrations VALUES(27,'sessions','0001_initial','2023-02-03 15:26:22.494733');
INSERT INTO django_migrations VALUES(28,'academy','0010_alter_asistencia_fecha','2023-02-09 20:27:44.991832');
INSERT INTO django_migrations VALUES(29,'academy','0011_alter_asistencia_fecha_pago','2023-02-09 20:27:45.005705');
INSERT INTO django_migrations VALUES(30,'academy','0012_alumno_email_alter_asistencia_fecha','2023-02-09 20:27:45.019564');
INSERT INTO django_migrations VALUES(31,'academy','0013_representante_alter_asistencia_fecha_and_more','2023-02-09 20:27:45.036301');
INSERT INTO django_migrations VALUES(32,'academy','0014_representante_celular_alter_asistencia_fecha','2023-02-09 20:27:45.049832');
INSERT INTO django_migrations VALUES(33,'academy','0015_alter_asistencia_fecha','2023-02-09 20:27:45.059952');
INSERT INTO django_migrations VALUES(34,'academy','0016_alter_asistencia_fecha','2023-02-13 14:25:15.653225');
INSERT INTO django_migrations VALUES(35,'academy','0017_alter_asistencia_fecha_alter_pago_fecha_inicio_and_more','2023-02-13 14:25:15.672887');
INSERT INTO django_migrations VALUES(36,'academy','0018_alter_asistencia_fecha','2023-02-13 14:25:15.682518');
INSERT INTO django_migrations VALUES(37,'academy','0019_alter_asistencia_fecha','2023-02-15 13:19:20.581676');
INSERT INTO django_migrations VALUES(38,'academy','0020_alter_alumno_representante_alter_asistencia_fecha','2023-02-15 13:19:20.599976');
INSERT INTO django_migrations VALUES(39,'academy','0021_alter_asistencia_fecha','2023-02-15 13:19:20.617277');
INSERT INTO django_migrations VALUES(40,'academy','0022_tutor_alter_asistencia_fecha','2023-02-16 15:47:31.875708');
INSERT INTO django_migrations VALUES(41,'academy','0023_alter_asistencia_fecha','2023-02-22 13:54:03.840760');
INSERT INTO django_migrations VALUES(42,'academy','0024_alter_asistencia_fecha','2023-02-22 13:54:03.851494');
INSERT INTO django_migrations VALUES(43,'academy','0025_alter_asistencia_fecha','2023-02-22 13:54:03.864534');
INSERT INTO django_migrations VALUES(44,'academy','0026_alter_asistencia_fecha','2023-02-24 13:44:00.289590');
INSERT INTO django_migrations VALUES(45,'academy','0027_alter_asistencia_fecha','2023-03-02 14:41:31.430203');
INSERT INTO django_migrations VALUES(46,'academy','0028_alter_alumno_options_alter_asistencia_fecha_academia_and_more','2023-03-02 15:05:22.671624');
INSERT INTO django_migrations VALUES(47,'academy','0029_user_tipo_de_usuario_alter_asistencia_fecha','2023-03-03 13:13:55.641603');
INSERT INTO django_migrations VALUES(48,'academy','0030_alter_academia_director_alter_asistencia_fecha','2023-03-03 13:22:10.169928');
INSERT INTO django_migrations VALUES(49,'academy','0031_asistencia_academia_asistencia_tutor_and_more','2023-03-03 14:14:43.657690');
INSERT INTO django_migrations VALUES(50,'academy','0032_pago_academia_alter_asistencia_fecha','2023-03-03 18:32:07.107183');
INSERT INTO django_migrations VALUES(51,'academy','0033_tutor_academia_alter_asistencia_fecha','2023-03-03 18:47:45.351851');
INSERT INTO django_migrations VALUES(52,'academy','0034_alter_asistencia_fecha','2023-03-10 21:08:25.665452');
INSERT INTO django_migrations VALUES(53,'academy','0035_alter_asistencia_fecha','2023-03-10 21:08:25.682121');
INSERT INTO django_migrations VALUES(54,'academy','0036_alter_asistencia_fecha','2023-03-10 21:08:25.698470');
INSERT INTO django_migrations VALUES(55,'academy','0037_alter_asistencia_fecha','2023-03-13 21:14:37.686362');
INSERT INTO django_migrations VALUES(56,'academy','0038_alter_asistencia_fecha','2023-03-13 21:14:37.702772');
INSERT INTO django_migrations VALUES(57,'academy','0039_representante_academia_alter_asistencia_academia_and_more','2023-03-22 17:08:59.774941');
INSERT INTO django_migrations VALUES(58,'academy','0040_alter_asistencia_fecha_alter_pago_total_clases','2023-04-01 15:41:12.331861');
INSERT INTO django_migrations VALUES(59,'academy','0041_alter_asistencia_fecha','2023-04-01 15:41:12.349688');
INSERT INTO django_migrations VALUES(61,'academy','0042_asistencia_cantidad_clases','2023-04-01 16:33:36.557867');
INSERT INTO django_migrations VALUES(62,'academy','0043_rename_cantidad_clases_asistencia_cantidad_sesiones','2023-04-01 16:39:43.535963');
INSERT INTO django_migrations VALUES(63,'academy','0044_curso','2023-04-05 12:10:08.773287');
INSERT INTO django_migrations VALUES(64,'academy','0045_asistencia_curso','2023-04-05 12:13:24.957688');
INSERT INTO django_migrations VALUES(65,'academy','0046_alter_curso_costo_por_sesion','2023-04-05 12:23:04.964983');
INSERT INTO django_migrations VALUES(66,'academy','0047_representante_sexo','2023-04-07 16:30:20.936501');
INSERT INTO django_migrations VALUES(67,'academy','0048_academia_url_imagen_alter_representante_sexo','2023-04-10 12:28:23.558467');
INSERT INTO django_migrations VALUES(68,'academy','0049_alter_pago_total_clases','2023-04-27 12:11:58.768164');
INSERT INTO django_migrations VALUES(69,'academy','0050_alter_asistencia_cantidad_sesiones','2023-04-27 12:22:33.080101');
INSERT INTO django_migrations VALUES(70,'academy','0051_pago_curso','2023-04-27 12:42:02.583700');
CREATE TABLE IF NOT EXISTS "django_content_type" ("id" integer NOT NULL PRIMARY KEY AUTOINCREMENT, "app_label" varchar(100) NOT NULL, "model" varchar(100) NOT NULL);
INSERT INTO django_content_type VALUES(1,'academy','user');
INSERT INTO django_content_type VALUES(2,'academy','alumno');
INSERT INTO django_content_type VALUES(3,'academy','asistencia');
INSERT INTO django_content_type VALUES(4,'admin','logentry');
INSERT INTO django_content_type VALUES(5,'auth','permission');
INSERT INTO django_content_type VALUES(6,'auth','group');
INSERT INTO django_content_type VALUES(7,'contenttypes','contenttype');
INSERT INTO django_content_type VALUES(8,'sessions','session');
INSERT INTO django_content_type VALUES(9,'academy','pago');
INSERT INTO django_content_type VALUES(10,'academy','representante');
INSERT INTO django_content_type VALUES(11,'academy','tutor');
INSERT INTO django_content_type VALUES(12,'academy','academia');
INSERT INTO django_content_type VALUES(13,'academy','curso');
CREATE TABLE IF NOT EXISTS "auth_group_permissions" ("id" integer NOT NULL PRIMARY KEY AUTOINCREMENT, "group_id" integer NOT NULL REFERENCES "auth_group" ("id") DEFERRABLE INITIALLY DEFERRED, "permission_id" integer NOT NULL REFERENCES "auth_permission" ("id") DEFERRABLE INITIALLY DEFERRED);
CREATE TABLE IF NOT EXISTS "auth_permission" ("id" integer NOT NULL PRIMARY KEY AUTOINCREMENT, "content_type_id" integer NOT NULL REFERENCES "django_content_type" ("id") DEFERRABLE INITIALLY DEFERRED, "codename" varchar(100) NOT NULL, "name" varchar(255) NOT NULL);
INSERT INTO auth_permission VALUES(1,1,'add_user','Can add user');
INSERT INTO auth_permission VALUES(2,1,'change_user','Can change user');
INSERT INTO auth_permission VALUES(3,1,'delete_user','Can delete user');
INSERT INTO auth_permission VALUES(4,1,'view_user','Can view user');
INSERT INTO auth_permission VALUES(5,2,'add_alumno','Can add alumno');
INSERT INTO auth_permission VALUES(6,2,'change_alumno','Can change alumno');
INSERT INTO auth_permission VALUES(7,2,'delete_alumno','Can delete alumno');
INSERT INTO auth_permission VALUES(8,2,'view_alumno','Can view alumno');
INSERT INTO auth_permission VALUES(9,3,'add_asistencia','Can add asistencia');
INSERT INTO auth_permission VALUES(10,3,'change_asistencia','Can change asistencia');
INSERT INTO auth_permission VALUES(11,3,'delete_asistencia','Can delete asistencia');
INSERT INTO auth_permission VALUES(12,3,'view_asistencia','Can view asistencia');
INSERT INTO auth_permission VALUES(13,4,'add_logentry','Can add log entry');
INSERT INTO auth_permission VALUES(14,4,'change_logentry','Can change log entry');
INSERT INTO auth_permission VALUES(15,4,'delete_logentry','Can delete log entry');
INSERT INTO auth_permission VALUES(16,4,'view_logentry','Can view log entry');
INSERT INTO auth_permission VALUES(17,5,'add_permission','Can add permission');
INSERT INTO auth_permission VALUES(18,5,'change_permission','Can change permission');
INSERT INTO auth_permission VALUES(19,5,'delete_permission','Can delete permission');
INSERT INTO auth_permission VALUES(20,5,'view_permission','Can view permission');
INSERT INTO auth_permission VALUES(21,6,'add_group','Can add group');
INSERT INTO auth_permission VALUES(22,6,'change_group','Can change group');
INSERT INTO auth_permission VALUES(23,6,'delete_group','Can delete group');
INSERT INTO auth_permission VALUES(24,6,'view_group','Can view group');
INSERT INTO auth_permission VALUES(25,7,'add_contenttype','Can add content type');
INSERT INTO auth_permission VALUES(26,7,'change_contenttype','Can change content type');
INSERT INTO auth_permission VALUES(27,7,'delete_contenttype','Can delete content type');
INSERT INTO auth_permission VALUES(28,7,'view_contenttype','Can view content type');
INSERT INTO auth_permission VALUES(29,8,'add_session','Can add session');
INSERT INTO auth_permission VALUES(30,8,'change_session','Can change session');
INSERT INTO auth_permission VALUES(31,8,'delete_session','Can delete session');
INSERT INTO auth_permission VALUES(32,8,'view_session','Can view session');
INSERT INTO auth_permission VALUES(33,9,'add_pago','Can add pago');
INSERT INTO auth_permission VALUES(34,9,'change_pago','Can change pago');
INSERT INTO auth_permission VALUES(35,9,'delete_pago','Can delete pago');
INSERT INTO auth_permission VALUES(36,9,'view_pago','Can view pago');
INSERT INTO auth_permission VALUES(37,10,'add_representante','Can add representante');
INSERT INTO auth_permission VALUES(38,10,'change_representante','Can change representante');
INSERT INTO auth_permission VALUES(39,10,'delete_representante','Can delete representante');
INSERT INTO auth_permission VALUES(40,10,'view_representante','Can view representante');
INSERT INTO auth_permission VALUES(41,11,'add_tutor','Can add tutor');
INSERT INTO auth_permission VALUES(42,11,'change_tutor','Can change tutor');
INSERT INTO auth_permission VALUES(43,11,'delete_tutor','Can delete tutor');
INSERT INTO auth_permission VALUES(44,11,'view_tutor','Can view tutor');
INSERT INTO auth_permission VALUES(45,12,'add_academia','Can add academia');
INSERT INTO auth_permission VALUES(46,12,'change_academia','Can change academia');
INSERT INTO auth_permission VALUES(47,12,'delete_academia','Can delete academia');
INSERT INTO auth_permission VALUES(48,12,'view_academia','Can view academia');
INSERT INTO auth_permission VALUES(49,13,'add_curso','Can add curso');
INSERT INTO auth_permission VALUES(50,13,'change_curso','Can change curso');
INSERT INTO auth_permission VALUES(51,13,'delete_curso','Can delete curso');
INSERT INTO auth_permission VALUES(52,13,'view_curso','Can view curso');
CREATE TABLE IF NOT EXISTS "auth_group" ("id" integer NOT NULL PRIMARY KEY AUTOINCREMENT, "name" varchar(150) NOT NULL UNIQUE);
CREATE TABLE IF NOT EXISTS "academy_user_groups" ("id" integer NOT NULL PRIMARY KEY AUTOINCREMENT, "user_id" bigint NOT NULL REFERENCES "academy_user" ("id") DEFERRABLE INITIALLY DEFERRED, "group_id" integer NOT NULL REFERENCES "auth_group" ("id") DEFERRABLE INITIALLY DEFERRED);
CREATE TABLE IF NOT EXISTS "academy_user_user_permissions" ("id" integer NOT NULL PRIMARY KEY AUTOINCREMENT, "user_id" bigint NOT NULL REFERENCES "academy_user" ("id") DEFERRABLE INITIALLY DEFERRED, "permission_id" integer NOT NULL REFERENCES "auth_permission" ("id") DEFERRABLE INITIALLY DEFERRED);
CREATE TABLE IF NOT EXISTS "academy_alumno" ("id" integer NOT NULL PRIMARY KEY AUTOINCREMENT, "nombre" varchar(30) NOT NULL, "apellido" varchar(30) NOT NULL, "cohorte" smallint unsigned NULL CHECK ("cohorte" >= 0), "fecha_creacion" datetime NOT NULL, "fecha_cambio" datetime NOT NULL, "status" varchar(1) NOT NULL, "email" varchar(254) NULL, "representante_id" bigint NULL REFERENCES "academy_representante" ("id") DEFERRABLE INITIALLY DEFERRED);
INSERT INTO academy_alumno VALUES(4,'Natalia','Fuenmayor',NULL,'2023-02-05 10:21:25.065165','2023-05-03 13:48:09.588714','A',NULL,3);
INSERT INTO academy_alumno VALUES(5,'Camila','Briceño',2006,'2023-02-06 13:53:11.014470','2023-03-24 19:51:30.837853','A','cjbs@gmail.com',NULL);
INSERT INTO academy_alumno VALUES(7,'Geraldine','Bonsanto',2007,'2023-02-15 13:28:31.242102','2023-03-17 15:01:13.952061','A','',4);
INSERT INTO academy_alumno VALUES(8,'Camila','Bonsanto',2007,'2023-02-15 13:28:40.462313','2023-03-20 12:44:37.441290','A','cb@gmail.com',4);
INSERT INTO academy_alumno VALUES(13,'Juan','Salazar',NULL,'2023-03-03 15:08:18.380701','2023-03-03 18:37:34.203211','A',NULL,NULL);
INSERT INTO academy_alumno VALUES(14,'Victoria','Goncalves',2009,'2023-03-03 15:08:50.231555','2023-03-15 16:02:43.763950','A','v@gmail.com',1);
INSERT INTO academy_alumno VALUES(15,'Milagros','Jimenez',1972,'2023-03-03 15:48:09.040782','2023-03-15 16:03:39.138515','N','mj@gmail.com',3);
INSERT INTO academy_alumno VALUES(16,'Isabel','Urribarri',NULL,'2023-03-20 13:01:29.924911','2023-05-03 13:29:39.349393','A','urribarriisabel@gmail.com',1);
INSERT INTO academy_alumno VALUES(19,'Sofia','',NULL,'2023-03-31 11:49:10.776190','2023-03-31 11:49:10.782016','N',NULL,NULL);
INSERT INTO academy_alumno VALUES(20,'Jesus','Azuaje',NULL,'2023-04-03 12:25:14.634183','2023-04-25 12:33:33.583007','A',NULL,NULL);
INSERT INTO academy_alumno VALUES(21,'Juan','Salazar',NULL,'2023-04-07 17:09:33.004612','2023-04-07 17:10:09.881666','A','',9);
INSERT INTO academy_alumno VALUES(22,'Juan','Salazar',NULL,'2023-04-10 17:26:16.762771','2023-04-10 17:26:16.767583','N',NULL,NULL);
INSERT INTO academy_alumno VALUES(23,'Esteban','Malave',NULL,'2023-05-25 09:08:33.084872','2023-05-26 15:51:31.233402','A','',110);
INSERT INTO academy_alumno VALUES(24,'Antony','Elkareh',NULL,'2023-05-26 15:52:19.531941','2023-05-28 10:19:08.869717','A','',111);
CREATE TABLE IF NOT EXISTS "django_admin_log" ("id" integer NOT NULL PRIMARY KEY AUTOINCREMENT, "object_id" text NULL, "object_repr" varchar(200) NOT NULL, "action_flag" smallint unsigned NOT NULL CHECK ("action_flag" >= 0), "change_message" text NOT NULL, "content_type_id" integer NULL REFERENCES "django_content_type" ("id") DEFERRABLE INITIALLY DEFERRED, "user_id" bigint NOT NULL REFERENCES "academy_user" ("id") DEFERRABLE INITIALLY DEFERRED, "action_time" datetime NOT NULL);
INSERT INTO django_admin_log VALUES(1,'1','Academia object (1)',1,'[{"added": {}}]',12,3,'2023-03-02 15:06:16.751016');
INSERT INTO django_admin_log VALUES(2,'2','Academia object (2)',1,'[{"added": {}}]',12,3,'2023-03-02 15:07:50.277763');
INSERT INTO django_admin_log VALUES(3,'8','Maryvi',2,'[{"changed": {"fields": ["Nombre", "Apellido", "Cohorte", "Email", "Academias"]}}]',2,3,'2023-03-02 15:26:37.804668');
INSERT INTO django_admin_log VALUES(4,'7','Maryvi',2,'[{"changed": {"fields": ["Nombre", "Apellido", "Cohorte", "Email", "Academias"]}}]',2,3,'2023-03-02 15:26:53.800992');
INSERT INTO django_admin_log VALUES(5,'1','mcamachog@hotmail.com',2,'[{"changed": {"fields": ["Tipo de usuario"]}}]',1,3,'2023-03-03 13:23:15.287033');
INSERT INTO django_admin_log VALUES(6,'4','lizeth@hotmail.com',2,'[{"changed": {"fields": ["Tipo de usuario"]}}]',1,3,'2023-03-03 13:23:27.474017');
INSERT INTO django_admin_log VALUES(7,'23','Asistencia object (23)',2,'[{"changed": {"fields": ["Academia", "Tutor"]}}]',3,3,'2023-03-03 14:18:05.792590');
INSERT INTO django_admin_log VALUES(8,'2','leorsalazarc@gmail.com',2,'[]',1,3,'2023-03-09 21:49:08.547402');
INSERT INTO django_admin_log VALUES(9,'5','isabel@gmail.com',2,'[{"changed": {"fields": ["Tipo de usuario"]}}]',1,3,'2023-03-09 21:50:18.893639');
INSERT INTO django_admin_log VALUES(10,'8','Camila',2,'[{"changed": {"fields": ["Email"]}}]',2,3,'2023-03-15 15:57:47.256536');
INSERT INTO django_admin_log VALUES(11,'5','Camila',2,'[{"changed": {"fields": ["Cohorte", "Email", "Academias"]}}]',2,3,'2023-03-15 15:58:27.105431');
INSERT INTO django_admin_log VALUES(12,'14','Victoria',2,'[{"changed": {"fields": ["Cohorte", "Email", "Representante", "Academias"]}}]',2,3,'2023-03-15 16:02:43.767094');
INSERT INTO django_admin_log VALUES(13,'12','Juan',3,'',2,3,'2023-03-15 16:03:10.670008');
INSERT INTO django_admin_log VALUES(14,'15','Milagros',2,'[{"changed": {"fields": ["Cohorte", "Email", "Representante", "Academias"]}}]',2,3,'2023-03-15 16:03:39.141654');
INSERT INTO django_admin_log VALUES(15,'7','Representante object (7)',2,'[{"changed": {"fields": ["Celular", "Academia"]}}]',10,3,'2023-04-03 12:50:55.991510');
INSERT INTO django_admin_log VALUES(16,'1','Curso object (1)',1,'[{"added": {}}]',13,3,'2023-04-05 12:23:42.974206');
INSERT INTO django_admin_log VALUES(17,'2','Curso object (2)',1,'[{"added": {}}]',13,3,'2023-04-05 12:24:20.912389');
INSERT INTO django_admin_log VALUES(18,'1','A Resolver',2,'[{"changed": {"fields": ["Url imagen"]}}]',12,3,'2023-04-10 12:29:58.699865');
INSERT INTO django_admin_log VALUES(19,'3','Kairos',2,'[{"changed": {"fields": ["Url imagen"]}}]',12,3,'2023-04-10 12:32:37.808238');
INSERT INTO django_admin_log VALUES(20,'3','Kairos',2,'[]',12,3,'2023-04-10 12:32:54.865449');
INSERT INTO django_admin_log VALUES(21,'8','zhorymar@gmail.com zhorymar@gmail.com',2,'[{"changed": {"fields": ["Password"]}}]',1,3,'2023-04-10 15:42:25.832616');
INSERT INTO django_admin_log VALUES(22,'43','Pago object (43)',2,'[{"changed": {"fields": ["Curso"]}}]',9,3,'2023-04-27 12:54:22.212944');
INSERT INTO django_admin_log VALUES(23,'45','Pago object (45)',2,'[{"changed": {"fields": ["Curso"]}}]',9,3,'2023-04-27 12:54:28.556432');
CREATE TABLE IF NOT EXISTS "django_session" ("session_key" varchar(40) NOT NULL PRIMARY KEY, "session_data" text NOT NULL, "expire_date" datetime NOT NULL);
INSERT INTO django_session VALUES('wscig4qjnjpultli6xmdv6eebk1ev5h1','.eJxVjMsOwiAURP-FtSGAyMOl-34DuQ-QqqFJaVfGf7dNutBZzjkzb5FgXWpae57TyOIqtDj9dgj0zG0H_IB2nyRNbZlHlLsiD9rlMHF-3Q7376BCr9va0RZ01rDHGB2rrFQhBuO1sagCWkAo4Vw4cKaiNRSDRl0Iondksvh8ARMbOTo:1pP1vE:Fdho6vS2yiIUk_8tenQbZM38IZo4J8zq_SvOzQcynpo','2023-02-20 13:52:40.190732');
INSERT INTO django_session VALUES('jrqprtpy96w3obyobt2izuw59onttobn','.eJxVjMsOwiAURP-FtSGAyMOl-34DuQ-QqqFJaVfGf7dNutBZzjkzb5FgXWpae57TyOIqtDj9dgj0zG0H_IB2nyRNbZlHlLsiD9rlMHF-3Q7376BCr9va0RZ01rDHGB2rrFQhBuO1sagCWkAo4Vw4cKaiNRSDRl0Iondksvh8ARMbOTo:1pQDY0:BE4W-kTy96v1y_ke7bbZVTN9TlU8_ADuJSUR1qhMjjA','2023-02-23 20:29:36.370065');
INSERT INTO django_session VALUES('n9lgznsr3p5iye54v97gem6fhh3b1nvm','.eJxVjMsOwiAURP-FtSGAyMOl-34DuQ-QqqFJaVfGf7dNutBZzjkzb5FgXWpae57TyOIqtDj9dgj0zG0H_IB2nyRNbZlHlLsiD9rlMHF-3Q7376BCr9va0RZ01rDHGB2rrFQhBuO1sagCWkAo4Vw4cKaiNRSDRl0Iondksvh8ARMbOTo:1pUTtP:Fuv1nUHyUMIn0kocAdzFWYr7p8cMaYznycDMxiY_qxY','2023-03-07 14:45:19.540433');
INSERT INTO django_session VALUES('4a77g1gj2dt5096wiii1r92dkqj0zz3k','.eJxVjMsOwiAURP-FtSGAyMOl-34DuQ-QqqFJaVfGf7dNutBZzjkzb5FgXWpae57TyOIqtDj9dgj0zG0H_IB2nyRNbZlHlLsiD9rlMHF-3Q7376BCr9va0RZ01rDHGB2rrFQhBuO1sagCWkAo4Vw4cKaiNRSDRl0Iondksvh8ARMbOTo:1pUZEr:9LyIRosj3B2rm-Gkr2bQuZarfut8qHxZ2ZZlKvUaU4E','2023-03-07 20:27:49.072871');
INSERT INTO django_session VALUES('b5jk8vh23eo8d6xt82ge1zz0vixt15fb','.eJxVjL0KwzAQg9_FczE5_6dj9zxDuPjOddriQJxMpe9eBzK0gxDok_QWI-5bHvfK6ziTuAolLr_ZhPHJ5QD0wHJfZFzKts6TPCrypFUOC_Hrdnb_DjLW3NYBNIFKQOCavEEXUJPrNQMTc28SB2T21E22a-7Yeps0sAGXYlLi8wXo2zhr:1pUZEs:fai3GeWQuRuBsF0nnBSRF8U2wok6U3ZWL7KSwBJoHDo','2023-03-07 20:27:50.549980');
INSERT INTO django_session VALUES('gg66qbaocb7g71s6d4vny15ljf7sa0z0','.eJxVjMsOwiAQRf-FtSHAlEdduvcbyMwAUjU0Ke3K-O_apAvd3nPOfYmI21rj1vMSpyTOAsTpdyPkR247SHdst1ny3NZlIrkr8qBdXueUn5fD_Tuo2Ou3VsA54Gg8k_HaFADEEAbrgLwz41BUAQfaUyKbraaSNJJi61gZKgbE-wPVOTe8:1pXkWt:VXqFd4QsXh8WvHYvO-wmjzUAiVjJWlJaEFas-vxC2-Y','2023-03-16 15:07:35.845637');
INSERT INTO django_session VALUES('ygl0vjnzjw6q8bea4mv3dg9nxla1s7z8','.eJxVjMsOwiAURP-FtSGAyMOl-34DuQ-QqqFJaVfGf7dNutBZzjkzb5FgXWpae57TyOIqtDj9dgj0zG0H_IB2nyRNbZlHlLsiD9rlMHF-3Q7376BCr9va0RZ01rDHGB2rrFQhBuO1sagCWkAo4Vw4cKaiNRSDRl0Iondksvh8ARMbOTo:1pYTvQ:DSsglqHmj5TQhiyg9UBKYI4FTMS9VCa-kjLTbxshPlM','2023-03-18 15:35:56.672293');
INSERT INTO django_session VALUES('3ei3nxx0556kco6qjkgm0su1ai5u0yj1','.eJxVjMEOwiAQRP-FsyFAEViP3v0GsrtQqRpISnsy_rtt0oOeJpn3Zt4i4rqUuPY8xymJi7Di9NsR8jPXHaQH1nuT3OoyTyR3RR60y1tL-XU93L-Dgr1s6xz8mHJWigc_JGIyuCUn1tYFxTAQYFCaQIeRMFiDBGAcgDtbr8GIzxcHcDfh:1pae55:VYUeC_2vf2ndnAa6IlBk1fuv9cRY28vQ3jffCYo1jW4','2023-03-24 14:50:51.060889');
INSERT INTO django_session VALUES('9xqzkvr4g7fjeriwlbfpq6czpg8eamy1','.eJxVjMsOwiAURP-FtSGAyMOl-34DuQ-QqqFJaVfGf7dNutBZzjkzb5FgXWpae57TyOIqtDj9dgj0zG0H_IB2nyRNbZlHlLsiD9rlMHF-3Q7376BCr9va0RZ01rDHGB2rrFQhBuO1sagCWkAo4Vw4cKaiNRSDRl0Iondksvh8ARMbOTo:1pbpXk:Zor7YHA43JbLdF6qf5qin2JfctZZA-8dphVfyoYcQkw','2023-03-27 21:17:20.423630');
INSERT INTO django_session VALUES('fo2awmhy43l1usljbt43kpvraxf1r7j4','.eJxVjMsOwiAURP-FtSGAyMOl-34DuQ-QqqFJaVfGf7dNutBZzjkzb5FgXWpae57TyOIqtDj9dgj0zG0H_IB2nyRNbZlHlLsiD9rlMHF-3Q7376BCr9va0RZ01rDHGB2rrFQhBuO1sagCWkAo4Vw4cKaiNRSDRl0Iondksvh8ARMbOTo:1pcTe4:y5KPiNT9GUF4jAX3gQZ8NGz6z7X6egu_2soUt7B8Teo','2023-03-29 16:06:32.949840');
INSERT INTO django_session VALUES('rpwvpaum5my7jj313p1f9i11id8r1bda','.eJxVjMsOwiAURP-FtSGAyMOl-34DuQ-QqqFJaVfGf7dNutBZzjkzb5FgXWpae57TyOIqtDj9dgj0zG0H_IB2nyRNbZlHlLsiD9rlMHF-3Q7376BCr9va0RZ01rDHGB2rrFQhBuO1sagCWkAo4Vw4cKaiNRSDRl0Iondksvh8ARMbOTo:1pf1zS:m_bXP9zsrheqxexGr4jMhWRd5Vj9Jn9vzRP_UeFGvzk','2023-04-05 17:11:10.418160');
INSERT INTO django_session VALUES('sjq06xvea5kytx7lnvpr9ez2a2c58tmt','.eJxVjMsOwiAURP-FtSGAyMOl-34DuQ-QqqFJaVfGf7dNutBZzjkzb5FgXWpae57TyOIqtDj9dgj0zG0H_IB2nyRNbZlHlLsiD9rlMHF-3Q7376BCr9va0RZ01rDHGB2rrFQhBuO1sagCWkAo4Vw4cKaiNRSDRl0Iondksvh8ARMbOTo:1pfmdR:gTDKsK1eTTwqDHJMlprqO_RzYfYy-0EMirb8RFD8Wvc','2023-04-07 18:59:33.092087');
INSERT INTO django_session VALUES('u7e3o9v9m2vweog5hlg6vbwao2emv63h','.eJxVjMsOwiAURP-FtSGAyMOl-34DuQ-QqqFJaVfGf7dNutBZzjkzb5FgXWpae57TyOIqtDj9dgj0zG0H_IB2nyRNbZlHlLsiD9rlMHF-3Q7376BCr9va0RZ01rDHGB2rrFQhBuO1sagCWkAo4Vw4cKaiNRSDRl0Iondksvh8ARMbOTo:1plw3Y:k0dk7D3jXE3Du6O4wJwNmK-JHDI28Ox_-_x7MH2BO5U','2023-04-24 18:15:56.294130');
INSERT INTO django_session VALUES('u4icmpcholys226ptzuwmnlrf7q7nyy5','.eJxVjMsOwiAURP-FtSGAyMOl-34DuQ-QqqFJaVfGf7dNutBZzjkzb5FgXWpae57TyOIqtDj9dgj0zG0H_IB2nyRNbZlHlLsiD9rlMHF-3Q7376BCr9va0RZ01rDHGB2rrFQhBuO1sagCWkAo4Vw4cKaiNRSDRl0Iondksvh8ARMbOTo:1pmL11:B7s4guRKfYjzDZDrRrhmh5U3d96IT-Dgn3p-KzIsMuA','2023-04-25 20:54:59.674656');
INSERT INTO django_session VALUES('z7epwkjmohwlvanqna4sze41qek3s9o1','.eJxVjMsOwiAURP-FtSGAyMOl-34DuQ-QqqFJaVfGf7dNutBZzjkzb5FgXWpae57TyOIqtDj9dgj0zG0H_IB2nyRNbZlHlLsiD9rlMHF-3Q7376BCr9va0RZ01rDHGB2rrFQhBuO1sagCWkAo4Vw4cKaiNRSDRl0Iondksvh8ARMbOTo:1pmZCS:hSDGWACnsBVLT5YGDJqYQynLdvSgmvDTM2cHrLpy4xk','2023-04-26 12:03:44.686162');
INSERT INTO django_session VALUES('pdlynuian45gdvf6f7gbcife9po1z6kj','.eJxVjMsOwiAURP-FtSGAyMOl-34DuQ-QqqFJaVfGf7dNutBZzjkzb5FgXWpae57TyOIqtDj9dgj0zG0H_IB2nyRNbZlHlLsiD9rlMHF-3Q7376BCr9va0RZ01rDHGB2rrFQhBuO1sagCWkAo4Vw4cKaiNRSDRl0Iondksvh8ARMbOTo:1pnmEz:hRD81jrym0V3yP845ZXKRRKU5RFuHPi2P6p4wYCMaiE','2023-04-29 20:11:21.546941');
INSERT INTO django_session VALUES('nqv22st4rvuuh979a1hs0osbvcceznt1','.eJxVjMsOwiAURP-FtSGAyMOl-34DuQ-QqqFJaVfGf7dNutBZzjkzb5FgXWpae57TyOIqtDj9dgj0zG0H_IB2nyRNbZlHlLsiD9rlMHF-3Q7376BCr9va0RZ01rDHGB2rrFQhBuO1sagCWkAo4Vw4cKaiNRSDRl0Iondksvh8ARMbOTo:1pppA2:6_nBJ-7mxgzBjTw0i1sZzys4tDC-WMi2k8LzRerOxF4','2023-05-05 11:42:42.925947');
INSERT INTO django_session VALUES('t9sfvxl7oo9na23cjdo8vx108z6ukyky','.eJxVjMsOwiAURP-FtSGAyMOl-34DuQ-QqqFJaVfGf7dNutBZzjkzb5FgXWpae57TyOIqtDj9dgj0zG0H_IB2nyRNbZlHlLsiD9rlMHF-3Q7376BCr9va0RZ01rDHGB2rrFQhBuO1sagCWkAo4Vw4cKaiNRSDRl0Iondksvh8ARMbOTo:1prIoU:HMOhj0-MvLwNcfwi7SCObsWbXmpZeyDaUKa3EtqZjsY','2023-05-09 13:34:34.955954');
INSERT INTO django_session VALUES('d3bbtpy0oln0741kua2y9qkb1p9r711u','.eJxVjMsOwiAURP-FtSGAyMOl-34DuQ-QqqFJaVfGf7dNutBZzjkzb5FgXWpae57TyOIqtDj9dgj0zG0H_IB2nyRNbZlHlLsiD9rlMHF-3Q7376BCr9va0RZ01rDHGB2rrFQhBuO1sagCWkAo4Vw4cKaiNRSDRl0Iondksvh8ARMbOTo:1ps195:xLhiXmo4V8mpAKNKJEvJFhlRWkjjCgJ2RZuDaX2MDv4','2023-05-11 12:54:47.702292');
INSERT INTO django_session VALUES('y0q5la9kvkekcq40ueapfdrcidl9u0sy','.eJxVjMsOwiAURP-FtSGAyMOl-34DuQ-QqqFJaVfGf7dNutBZzjkzb5FgXWpae57TyOIqtDj9dgj0zG0H_IB2nyRNbZlHlLsiD9rlMHF-3Q7376BCr9va0RZ01rDHGB2rrFQhBuO1sagCWkAo4Vw4cKaiNRSDRl0Iondksvh8ARMbOTo:1puCMM:lj2CGYxPfoeP8Cr7b9oKEFlIUVq4qjBSrgg55mRb3i8','2023-05-17 13:17:30.359709');
INSERT INTO django_session VALUES('0lhg8euw1phr3oe652okozoli49uglj6','.eJxVjMsOwiAURP-FtSGAyMOl-34DuQ-QqqFJaVfGf7dNutBZzjkzb5FgXWpae57TyOIqtDj9dgj0zG0H_IB2nyRNbZlHlLsiD9rlMHF-3Q7376BCr9va0RZ01rDHGB2rrFQhBuO1sagCWkAo4Vw4cKaiNRSDRl0Iondksvh8ARMbOTo:1q26x1:gIYM_azAWG8awyUP7AMQxmKgsLLwHrZs5Ll0Vg1dIn8','2023-06-08 09:08:03.468418');
INSERT INTO django_session VALUES('nx6yh03tycswwymqxqx0fay1op31e49k','.eJxVjMsOwiAURP-FtSGAyMOl-34DuQ-QqqFJaVfGf7dNutBZzjkzb5FgXWpae57TyOIqtDj9dgj0zG0H_IB2nyRNbZlHlLsiD9rlMHF-3Q7376BCr9va0RZ01rDHGB2rrFQhBuO1sagCWkAo4Vw4cKaiNRSDRl0Iondksvh8ARMbOTo:1q8qPd:ChtugSZOf3NPeSEp5p67VxBqvoRAGUTrnS3IHFzZUNo','2023-06-26 22:53:25.741023');
INSERT INTO django_session VALUES('u0qbvjk3u1x6ql82giflmbufbgmk11dy','.eJxVjMsOwiAURP-FtSGAyMOl-34DuQ-QqqFJaVfGf7dNutBZzjkzb5FgXWpae57TyOIqtDj9dgj0zG0H_IB2nyRNbZlHlLsiD9rlMHF-3Q7376BCr9va0RZ01rDHGB2rrFQhBuO1sagCWkAo4Vw4cKaiNRSDRl0Iondksvh8ARMbOTo:1qJt85:_YXJmvCnIIrHD__q4od9CpRURei9kBqTL1PGYiM426o','2023-07-27 10:00:57.574635');
CREATE TABLE IF NOT EXISTS "academy_representante" ("id" integer NOT NULL PRIMARY KEY AUTOINCREMENT, "nombre" varchar(30) NOT NULL, "apellido" varchar(30) NOT NULL, "email" varchar(254) NULL, "fecha_creacion" datetime NOT NULL, "fecha_cambio" datetime NOT NULL, "celular" varchar(15) NULL, "academia_id" bigint NULL REFERENCES "academy_academia" ("id") DEFERRABLE INITIALLY DEFERRED, "sexo" varchar(1) NULL);
INSERT INTO academy_representante VALUES(1,'Monica','Zerpa','monicazerpa@gmail.com','2023-02-09 20:30:34.226525','2023-02-21 13:44:02.759137','',1,NULL);
INSERT INTO academy_representante VALUES(3,'Milagros','Jimenez','mjimenezivimas@gmail.com','2023-02-13 14:46:04.309118','2023-02-13 14:46:04.309147','+58 414 5312539',1,NULL);
INSERT INTO academy_representante VALUES(4,'Geraldine','Jones','jonesgeraldine08@gmail.com','2023-02-15 13:30:34.701760','2023-02-20 16:36:49.263037','',1,NULL);
INSERT INTO academy_representante VALUES(7,'Monica','Zerpa','mcamachog@gmail.com','2023-04-03 12:48:36.834997','2023-04-07 17:07:48.876727','04146519829',1,'F');
INSERT INTO academy_representante VALUES(8,'Lourdes','Sebastiani','mcamachog@hotmail.com','2023-04-03 12:52:53.864837','2023-04-07 17:07:39.685613',NULL,1,'F');
INSERT INTO academy_representante VALUES(9,'Leonardo','Salazar','lrsalazarc@gmail.com','2023-04-07 17:09:05.252440','2023-04-07 17:09:05.252475',NULL,1,'M');
INSERT INTO academy_representante VALUES(10,'Maryvi','Camacho','mcamachog@hotmail.com','2023-04-10 17:26:23.430032','2023-04-10 17:26:23.430072',NULL,4,'F');
INSERT INTO academy_representante VALUES(12,'Marisela','Vargas','mariselavargasr@gmail.com','2023-04-25 16:00:00','2023-04-25 16:00:00','',1,NULL);
INSERT INTO academy_representante VALUES(13,'Orly','Moreno','orlymorenoo@gmail.com','2023-04-25 16:00:00','2023-04-25 16:00:00','''+51 935 857 737',1,NULL);
INSERT INTO academy_representante VALUES(14,'Paola','2000Hojas','paolamarronippoliti@gmail.com','2023-04-25 16:00:00','2023-04-25 16:00:00','0414-8580911',1,NULL);
INSERT INTO academy_representante VALUES(15,'Isabel','Redden','isabel.redden@gmail.com','2023-04-25 16:00:00','2023-04-25 16:00:00','0414-8818459',1,NULL);
INSERT INTO academy_representante VALUES(16,'Anibal','','teravideotipuro@gmail.com','2023-04-25 16:00:00','2023-04-25 16:00:00','0424-9186125',1,NULL);
INSERT INTO academy_representante VALUES(17,'Jose','Arias','spawding16@gmail.com','2023-04-25 16:00:00','2023-04-25 16:00:00','0414-1858566',1,NULL);
INSERT INTO academy_representante VALUES(18,'Natalia','Fuenmayor','natalia.fuenmayor.21@gmail.com','2023-04-25 16:00:00','2023-04-25 16:00:00','',1,NULL);
INSERT INTO academy_representante VALUES(19,'','','isabelinciarte@gmail.com','2023-04-25 16:00:00','2023-04-25 16:00:00','',1,NULL);
INSERT INTO academy_representante VALUES(20,'Erika','De Adrian','erikagdeadrian@gmail.com','2023-04-25 16:00:00','2023-04-25 16:00:00','',1,NULL);
INSERT INTO academy_representante VALUES(21,'Camila','Giucionne','cavigu2007@gmail.com','2023-04-25 16:00:00','2023-04-25 16:00:00','',1,NULL);
INSERT INTO academy_representante VALUES(22,'Helen','Marcano','helenmarcano71@gmail.com','2023-04-25 16:00:00','2023-04-25 16:00:00','',1,NULL);
INSERT INTO academy_representante VALUES(23,'Juan','Veloz','velozjuan1803@gmail.com','2023-04-25 16:00:00','2023-04-25 16:00:00','',1,NULL);
INSERT INTO academy_representante VALUES(24,'Monica','Vecina Casa 38','azocarfarias@gmail.com','2023-04-25 16:00:00','2023-04-25 16:00:00','',1,NULL);
INSERT INTO academy_representante VALUES(25,'Lidiana','Gonzalez','lidisotillet@gmail.com','2023-04-25 16:00:00','2023-04-25 16:00:00','',1,NULL);
INSERT INTO academy_representante VALUES(26,'Julieta','Marin','jmarinj@lafontana.edu.co','2023-04-25 16:00:00','2023-04-25 16:00:00','',1,NULL);
INSERT INTO academy_representante VALUES(27,'Johana','Muller	','johana05muller@gmail.com','2023-04-25 16:00:00','2023-04-25 16:00:00','',1,NULL);
INSERT INTO academy_representante VALUES(28,'Santiago','Montoya	','santiagocadavid200612@gmail.com','2023-04-25 16:00:00','2023-04-25 16:00:00','',1,NULL);
INSERT INTO academy_representante VALUES(29,'Carla','Mejia	','baesmi1@hotmail.com','2023-04-25 16:00:00','2023-04-25 16:00:00','',1,NULL);
INSERT INTO academy_representante VALUES(30,'Mirella','Nuñez	','sofielevano@gmail.com','2023-04-25 16:00:00','2023-04-25 16:00:00','',1,NULL);
INSERT INTO academy_representante VALUES(31,'Ginger','Salazar	 ','gingersalazar2604@hotmail.com','2023-04-25 16:00:00','2023-04-25 16:00:00','',1,NULL);
INSERT INTO academy_representante VALUES(32,'Jor','Ot','jotaloraz@gmail.com','2023-04-25 16:00:00','2023-04-25 16:00:00','',1,NULL);
INSERT INTO academy_representante VALUES(33,'Ana','Alfonso','anaelialfonso306@gmail.com','2023-04-25 16:00:00','2023-04-25 16:00:00','',1,NULL);
INSERT INTO academy_representante VALUES(34,'Marieva','Camacho','marievapaula@gmail.com','2023-04-25 16:00:00','2023-04-25 16:00:00','',1,NULL);
INSERT INTO academy_representante VALUES(35,'Juan Andrés','Salazar','juandresalazar2009@gmail.com','2023-04-25 16:00:00','2023-04-25 16:00:00','',1,NULL);
INSERT INTO academy_representante VALUES(36,'Mariana','Ospino','mdiazospino83@gmail.com','2023-04-25 16:00:00','2023-04-25 16:00:00','',1,NULL);
INSERT INTO academy_representante VALUES(37,'Yuliana','Sanchez','yulianasanchez812@gmail.com','2023-04-25 16:00:00','2023-04-25 16:00:00','',1,NULL);
INSERT INTO academy_representante VALUES(38,'Sebastian','Guevara','sagb4454@gmail.com','2023-04-25 16:00:00','2023-04-25 16:00:00','',1,NULL);
INSERT INTO academy_representante VALUES(39,'Roxana','','mariagfebres@gmail.com','2023-04-25 16:00:00','2023-04-25 16:00:00','',1,NULL);
INSERT INTO academy_representante VALUES(40,'Ana Julia','Vespa','anajvespas@gmail.com','2023-04-25 16:00:00','2023-04-25 16:00:00','',1,NULL);
INSERT INTO academy_representante VALUES(41,'Lourdes','Sebastiani','salocami2@gmail.com','2023-04-25 16:00:00','2023-04-25 16:00:00','',1,NULL);
INSERT INTO academy_representante VALUES(42,'Francis','Villarroel','francisvillarroel@hotmail.com','2023-04-25 16:00:00','2023-04-25 16:00:00','',1,NULL);
INSERT INTO academy_representante VALUES(43,'Elga','Avendano','elgaavendano@hotmail.com','2023-04-25 16:00:00','2023-04-25 16:00:00','',1,NULL);
INSERT INTO academy_representante VALUES(44,'Charlye','Reyes','reyes.charlye@gmail.com','2023-04-25 16:00:00','2023-04-25 16:00:00','',1,NULL);
INSERT INTO academy_representante VALUES(45,'Carina','Ruiz','caricrpt23@gmail.com','2023-04-25 16:00:00','2023-04-25 16:00:00','',1,NULL);
INSERT INTO academy_representante VALUES(46,'Aura','Ramirez','auraeram@gmail.com','2023-04-25 16:00:00','2023-04-25 16:00:00','',1,NULL);
INSERT INTO academy_representante VALUES(47,'Argel','Rojas','argelrojas@gmail.com','2023-04-25 16:00:00','2023-04-25 16:00:00','',1,NULL);
INSERT INTO academy_representante VALUES(48,'Anarelys','De Bolivar','bienesraicesmaturin@gmail.com','2023-04-25 16:00:00','2023-04-25 16:00:00','',1,NULL);
INSERT INTO academy_representante VALUES(49,'Nerelig','Malavé','nereligmalave@gmail.com','2023-04-25 16:00:00','2023-04-25 16:00:00','',1,NULL);
INSERT INTO academy_representante VALUES(50,'Oriana ','Espejo','Orianae@hotmail.com','2023-04-25 16:00:00','2023-04-25 16:00:00','',1,NULL);
INSERT INTO academy_representante VALUES(51,'Esmirher ','Rojas','Esmiher57@gmail.com','2023-04-25 16:00:00','2023-04-25 16:00:00','',1,NULL);
INSERT INTO academy_representante VALUES(52,'Eliana ','Rodr¡guez ','Elianar80@hotmail.com','2023-04-25 16:00:00','2023-04-25 16:00:00','',1,NULL);
INSERT INTO academy_representante VALUES(53,'Ana María','Termini','atermini2002@hotmail.com','2023-04-25 16:00:00','2023-04-25 16:00:00','',1,NULL);
INSERT INTO academy_representante VALUES(54,'Yulitza ','Lisboa','Lisboay@pdvsa.com','2023-04-25 16:00:00','2023-04-25 16:00:00','',1,NULL);
INSERT INTO academy_representante VALUES(55,'Yenny ','Hernandez','yenny-hernandez@hotmail.com','2023-04-25 16:00:00','2023-04-25 16:00:00','',1,NULL);
INSERT INTO academy_representante VALUES(56,'Yasmin ','Santiago','Santiago.yasmin@gmail.com','2023-04-25 16:00:00','2023-04-25 16:00:00','',1,NULL);
INSERT INTO academy_representante VALUES(57,'Yaccelis ','de Cede¤o','yacce.221828@gmail.com','2023-04-25 16:00:00','2023-04-25 16:00:00','',1,NULL);
INSERT INTO academy_representante VALUES(58,'Veronika ','de Ibarra ','Veroisa70@gmail.com','2023-04-25 16:00:00','2023-04-25 16:00:00','',1,NULL);
INSERT INTO academy_representante VALUES(59,'Veronica ','de Villarroel','Veronikagonza5@gmail.com','2023-04-25 16:00:00','2023-04-25 16:00:00','',1,NULL);
INSERT INTO academy_representante VALUES(60,'Sharif ','Blanco Rios','Sharifblanco@gmail.com','2023-04-25 16:00:00','2023-04-25 16:00:00','',1,NULL);
INSERT INTO academy_representante VALUES(61,'Sairit ','Cristancho','sairit.cristancho1313@gmail.com','2023-04-25 16:00:00','2023-04-25 16:00:00','',1,NULL);
INSERT INTO academy_representante VALUES(62,'Nairovis','Villafranca','Nairovilla@gmail.com','2023-04-25 16:00:00','2023-04-25 16:00:00','',1,NULL);
INSERT INTO academy_representante VALUES(63,'Rossy ','Valderrama','Rossyvalderraman@gmail.com','2023-04-25 16:00:00','2023-04-25 16:00:00','',1,NULL);
INSERT INTO academy_representante VALUES(64,'Rossan ','Rodriguez','Roscarve@hotmail.com','2023-04-25 16:00:00','2023-04-25 16:00:00','',1,NULL);
INSERT INTO academy_representante VALUES(65,'Rosiris ','Martines','Rosiris.martinez@movilnet.com.ve','2023-04-25 16:00:00','2023-04-25 16:00:00','',1,NULL);
INSERT INTO academy_representante VALUES(66,'Rosannel ','Rojas','rosannelkrv@gmail.com','2023-04-25 16:00:00','2023-04-25 16:00:00','',1,NULL);
INSERT INTO academy_representante VALUES(67,'Rawad ','Diab','diabrawad@hotmail.com','2023-04-25 16:00:00','2023-04-25 16:00:00','',1,NULL);
INSERT INTO academy_representante VALUES(68,'Rania ','Mahmoud','raniachebli2722@gmail.com','2023-04-25 16:00:00','2023-04-25 16:00:00','',1,NULL);
INSERT INTO academy_representante VALUES(69,'Omari ','Cova','omarycova@hotmail.com','2023-04-25 16:00:00','2023-04-25 16:00:00','',1,NULL);
INSERT INTO academy_representante VALUES(70,'Monica ','Zerpa','monicazer@gmail.com','2023-04-25 16:00:00','2023-04-25 16:00:00','',1,NULL);
INSERT INTO academy_representante VALUES(71,'Mircia ','Rivas','mirciar@hotmail.com','2023-04-25 16:00:00','2023-04-25 16:00:00','',1,NULL);
INSERT INTO academy_representante VALUES(72,'Mary ','Maita','Marymaitam@gmail.com','2023-04-25 16:00:00','2023-04-25 16:00:00','',1,NULL);
INSERT INTO academy_representante VALUES(73,'Mary ','Garcia','maryisabel2901@hotmail.com','2023-04-25 16:00:00','2023-04-25 16:00:00','',1,NULL);
INSERT INTO academy_representante VALUES(74,'Mar¡a Gabriela','Guzman','morocho_2@hotmail.es','2023-04-25 16:00:00','2023-04-25 16:00:00','',1,NULL);
INSERT INTO academy_representante VALUES(75,'Mar¡a del Carmen','Gil','mcgb19@gmail.com','2023-04-25 16:00:00','2023-04-25 16:00:00','',1,NULL);
INSERT INTO academy_representante VALUES(76,'Maria Alejandra','Quijada','mariaaquijadaa@hotmail.com','2023-04-25 16:00:00','2023-04-25 16:00:00','',1,NULL);
INSERT INTO academy_representante VALUES(77,'Maria ','Di Teodoro ','cochita79@hotmail.com','2023-04-25 16:00:00','2023-04-25 16:00:00','',1,NULL);
INSERT INTO academy_representante VALUES(78,'Magaly ','Guerra','Magalyguerrag@gmail.com','2023-04-25 16:00:00','2023-04-25 16:00:00','',1,NULL);
INSERT INTO academy_representante VALUES(79,'Lorena ','Guzm n','Lorena.guzmanh@hotmail.com','2023-04-25 16:00:00','2023-04-25 16:00:00','',1,NULL);
INSERT INTO academy_representante VALUES(80,'Lizlety','Lopez','lizlopezzerpa@gmail.com','2023-04-25 16:00:00','2023-04-25 16:00:00','',1,NULL);
INSERT INTO academy_representante VALUES(81,'Lismar ','Navarro','lismar11@hotmail.com','2023-04-25 16:00:00','2023-04-25 16:00:00','',1,NULL);
INSERT INTO academy_representante VALUES(82,'Lismar ','Marcano','Marcanolismar75@gmail.com','2023-04-25 16:00:00','2023-04-25 16:00:00','',1,NULL);
INSERT INTO academy_representante VALUES(83,'Letizia ','Ferraro','Letiziaff@hotmail.com','2023-04-25 16:00:00','2023-04-25 16:00:00','',1,NULL);
INSERT INTO academy_representante VALUES(84,'Leonel Jos‚','Sebastiani','bermudezysebastiani@hotmail.com','2023-04-25 16:00:00','2023-04-25 16:00:00','',1,NULL);
INSERT INTO academy_representante VALUES(85,'Leonardo ','Salazar','leorsalazarc@gmail.com','2023-04-25 16:00:00','2023-04-25 16:00:00','',1,NULL);
INSERT INTO academy_representante VALUES(86,'Josefina ','Farraye','josefinafarrayeh@gmail.com','2023-04-25 16:00:00','2023-04-25 16:00:00','',1,NULL);
INSERT INTO academy_representante VALUES(87,'Gabriela ','Osorio','gaby_osorio78@hotmail.com','2023-04-25 16:00:00','2023-04-25 16:00:00','',1,NULL);
INSERT INTO academy_representante VALUES(88,'Franki ','Santilli','Frankisantilliv@gmail.com','2023-04-25 16:00:00','2023-04-25 16:00:00','',1,NULL);
INSERT INTO academy_representante VALUES(89,'Francy ','Franco','Francyfranco6000@hotmail.com','2023-04-25 16:00:00','2023-04-25 16:00:00','',1,NULL);
INSERT INTO academy_representante VALUES(90,'Fanny','Mujica','FANNY-DAGUAR29@HOTMAIL.COM','2023-04-25 16:00:00','2023-04-25 16:00:00','',1,NULL);
INSERT INTO academy_representante VALUES(91,'Escarlet ','De Aguilera','escarlethalen.79@gmail.com','2023-04-25 16:00:00','2023-04-25 16:00:00','',1,NULL);
INSERT INTO academy_representante VALUES(92,'Erika ','Smith','easp5@hotmail.com','2023-04-25 16:00:00','2023-04-25 16:00:00','',1,NULL);
INSERT INTO academy_representante VALUES(93,'Enzo ','Colapetella','enzocolape@hotmail.com','2023-04-25 16:00:00','2023-04-25 16:00:00','',1,NULL);
INSERT INTO academy_representante VALUES(94,'Elizabeth ','Vera','elizveracar@gmail.com','2023-04-25 16:00:00','2023-04-25 16:00:00','',1,NULL);
INSERT INTO academy_representante VALUES(95,'Elisaireth ','Contreras','elisairethc@hotmail.com','2023-04-25 16:00:00','2023-04-25 16:00:00','',1,NULL);
INSERT INTO academy_representante VALUES(96,'Elba ','Gonzalez','Elbitamariana@hotmail.com','2023-04-25 16:00:00','2023-04-25 16:00:00','',1,NULL);
INSERT INTO academy_representante VALUES(97,'Deybidt ','Certucce','deybidt@gmail.com','2023-04-25 16:00:00','2023-04-25 16:00:00','',1,NULL);
INSERT INTO academy_representante VALUES(98,'Deilis ','Giannasca','deilis.alejandra@hotmail.com','2023-04-25 16:00:00','2023-04-25 16:00:00','',1,NULL);
INSERT INTO academy_representante VALUES(99,'Daniela ','Paolini','Autorepuestospicha@gmail.com','2023-04-25 16:00:00','2023-04-25 16:00:00','',1,NULL);
INSERT INTO academy_representante VALUES(100,'Carolina ','Concha','Caroconcha44@gmail.com','2023-04-25 16:00:00','2023-04-25 16:00:00','',1,NULL);
INSERT INTO academy_representante VALUES(101,'Carmen ','Salazar','cjsalazar44@gmail.com','2023-04-25 16:00:00','2023-04-25 16:00:00','',1,NULL);
INSERT INTO academy_representante VALUES(102,'Brizaida ','Perez','brizaprez@gmail.com','2023-04-25 16:00:00','2023-04-25 16:00:00','',1,NULL);
INSERT INTO academy_representante VALUES(103,'Anna Katerine','Rodriguez','rocaica@hotmail.com','2023-04-25 16:00:00','2023-04-25 16:00:00','',1,NULL);
INSERT INTO academy_representante VALUES(104,'Anais ','Marchan','anaismarchan61@gmail.com','2023-04-25 16:00:00','2023-04-25 16:00:00','',1,NULL);
INSERT INTO academy_representante VALUES(105,'Ana Luisa','Gonzalez','anitaluisag@yahoo.com.ve','2023-04-25 16:00:00','2023-04-25 16:00:00','',1,NULL);
INSERT INTO academy_representante VALUES(106,'Ana Julia','Rodr¡guez Diaz','ajuliardiaz@gmail.com','2023-04-25 16:00:00','2023-04-25 16:00:00','',1,NULL);
INSERT INTO academy_representante VALUES(107,'Ada ','Centeno','adacenteno30@hotmail.com','2023-04-25 16:00:00','2023-04-25 16:00:00','',1,NULL);
INSERT INTO academy_representante VALUES(108,'Maryvi','Camacho','mcamachog@hotmail.com','2023-04-25 16:00:00','2023-04-25 16:00:00','''+584248822350',1,NULL);
INSERT INTO academy_representante VALUES(109,'Maryvi','Camacho','aresolveronline@gmail.com','2023-04-25 16:00:00','2023-04-25 16:00:00','',1,NULL);
INSERT INTO academy_representante VALUES(110,'María','Natera','','2023-05-25 09:09:09.306885','2023-05-25 09:09:09.306913',NULL,1,'F');
INSERT INTO academy_representante VALUES(111,'Antony','Elkareh','','2023-05-28 10:18:55.194557','2023-05-28 10:18:55.194579',NULL,1,'M');
CREATE TABLE IF NOT EXISTS "academy_tutor" ("id" integer NOT NULL PRIMARY KEY AUTOINCREMENT, "nombre" varchar(30) NOT NULL, "apellido" varchar(30) NOT NULL, "email" varchar(254) NULL, "fecha_nacimiento" datetime NULL, "celular" varchar(15) NULL, "academia_id" bigint NULL REFERENCES "academy_academia" ("id") DEFERRABLE INITIALLY DEFERRED);
INSERT INTO academy_tutor VALUES(7,'Maryvi del Valle','Camacho',NULL,NULL,NULL,1);
INSERT INTO academy_tutor VALUES(9,'Leonardo','Salazar',NULL,NULL,NULL,NULL);
INSERT INTO academy_tutor VALUES(11,'Arnoldo','Salazar',NULL,NULL,NULL,1);
CREATE TABLE IF NOT EXISTS "academy_alumno_academias" ("id" integer NOT NULL PRIMARY KEY AUTOINCREMENT, "alumno_id" bigint NOT NULL REFERENCES "academy_alumno" ("id") DEFERRABLE INITIALLY DEFERRED, "academia_id" bigint NOT NULL REFERENCES "academy_academia" ("id") DEFERRABLE INITIALLY DEFERRED);
INSERT INTO academy_alumno_academias VALUES(3,4,1);
INSERT INTO academy_alumno_academias VALUES(4,8,1);
INSERT INTO academy_alumno_academias VALUES(5,7,1);
INSERT INTO academy_alumno_academias VALUES(9,5,1);
INSERT INTO academy_alumno_academias VALUES(10,14,3);
INSERT INTO academy_alumno_academias VALUES(11,15,3);
INSERT INTO academy_alumno_academias VALUES(12,13,3);
INSERT INTO academy_alumno_academias VALUES(13,16,1);
INSERT INTO academy_alumno_academias VALUES(16,19,1);
INSERT INTO academy_alumno_academias VALUES(17,20,1);
INSERT INTO academy_alumno_academias VALUES(18,21,1);
INSERT INTO academy_alumno_academias VALUES(19,22,4);
INSERT INTO academy_alumno_academias VALUES(20,23,1);
INSERT INTO academy_alumno_academias VALUES(21,24,1);
CREATE TABLE IF NOT EXISTS "academy_user" ("id" integer NOT NULL PRIMARY KEY AUTOINCREMENT, "password" varchar(128) NOT NULL, "last_login" datetime NULL, "is_superuser" bool NOT NULL, "username" varchar(150) NOT NULL UNIQUE, "first_name" varchar(150) NOT NULL, "last_name" varchar(150) NOT NULL, "email" varchar(254) NOT NULL, "is_staff" bool NOT NULL, "is_active" bool NOT NULL, "date_joined" datetime NOT NULL, "tipo_de_usuario" varchar(1) NOT NULL);
INSERT INTO academy_user VALUES(1,'pbkdf2_sha256$390000$1g2sU45b5xHWzUH19C3LYP$bbpXO8J7sRoM9F3Bfl08cZtl5Plx4nrzvXd+VqJ0cU4=','2023-07-13 10:00:57.568695',0,'mcamachog@hotmail.com','','','mcamachog@hotmail.com',0,1,'2023-02-03 15:27:06','D');
INSERT INTO academy_user VALUES(2,'pbkdf2_sha256$390000$FfQ265Bju2vgCel0q8y0UZ$jssOAyzTdSJCCttSVbSAUyBt2q2qjEqLi9JNzRKuUrM=','2023-03-03 19:17:38',0,'leorsalazarc@gmail.com','','','leorsalazarc@gmail.com',0,1,'2023-02-21 14:25:36','V');
INSERT INTO academy_user VALUES(3,'pbkdf2_sha256$390000$B42RbYDK9t4b7BYs3FINV1$inJXF/v8T/nYv62dxUOD+/wXRCsaBBv+77hJdmwYmPo=','2023-06-12 22:49:11.148201',1,'mcamachog','','','mcamachog@gmail.com',1,1,'2023-03-02 14:51:16.338636','V');
INSERT INTO academy_user VALUES(4,'pbkdf2_sha256$390000$yRxCcw3qTHq7CG8YfclU7x$n1oG4k+UrTzGAEPgP/qQrlJGeRxlpmPlliQw7bGKuLo=','2023-04-25 13:27:48.800568',0,'lizeth@hotmail.com','','','lizeth@hotmail.com',0,1,'2023-03-02 15:07:06','D');
INSERT INTO academy_user VALUES(5,'pbkdf2_sha256$390000$KhOYNEGsjRj02VuwMwdSqu$WbG4zvwxp6BMM5WVmsZrw8zrScjADf92DdWFMRVtFm8=','2023-03-09 21:50:33.645815',0,'isabel@gmail.com','','','isabel@gmail.com',0,1,'2023-03-09 21:49:45','A');
INSERT INTO academy_user VALUES(6,'pbkdf2_sha256$390000$KmbiZaIPk8we9qQudttcSL$WohtR21m8E1uyr3Dn8+/cO+KL2TRp+vNOqGPNTtQolI=','2023-03-09 23:29:21.046688',0,'visitante@gmail.com','','','visitante@gmail.com',0,1,'2023-03-09 23:29:20.924545','V');
INSERT INTO academy_user VALUES(8,'pbkdf2_sha256$390000$1g2sU45b5xHWzUH19C3LYP$bbpXO8J7sRoM9F3Bfl08cZtl5Plx4nrzvXd+VqJ0cU4=','2023-04-25 13:27:32.736898',0,'zhorymar@gmail.com','','','zhorymar@gmail.com',0,1,'2023-03-10 21:46:13','D');
CREATE TABLE IF NOT EXISTS "academy_academia" ("id" integer NOT NULL PRIMARY KEY AUTOINCREMENT, "nombre" varchar(30) NOT NULL, "director_id" bigint NULL UNIQUE REFERENCES "academy_user" ("id") DEFERRABLE INITIALLY DEFERRED, "url_imagen" varchar(200) NULL);
INSERT INTO academy_academia VALUES(1,'A Resolver',1,'https://i.ibb.co/Zd1s3vZ/Logo-Corto-Cuadrado.jpg');
INSERT INTO academy_academia VALUES(2,'Dummy',6,NULL);
INSERT INTO academy_academia VALUES(3,'Kairos',4,'https://cdn.shopify.com/s/files/1/0420/8948/0359/products/4_a34243e8-7dd8-4e7f-83e4-c31a1df1813b_1024x1024@2x.png?v=1603339717');
INSERT INTO academy_academia VALUES(4,'Asesorías Zhorymar',8,'https://cdn.euroinnova.edu.es/img/subidasEditor/fondo-medico-3d-celulas-virus-cadena-adn_1048-8470-1612411584.webp');
CREATE TABLE IF NOT EXISTS "academy_curso" ("id" integer NOT NULL PRIMARY KEY AUTOINCREMENT, "nombre" varchar(50) NOT NULL, "tipo_de_curso" varchar(1) NOT NULL, "cantidad_de_sesiones" smallint unsigned NULL CHECK ("cantidad_de_sesiones" >= 0), "costo_curso_fijo" decimal NULL, "tiempo_de_sesion" smallint unsigned NULL CHECK ("tiempo_de_sesion" >= 0), "costo_por_sesion" decimal NULL);
INSERT INTO academy_curso VALUES(1,'Matematica','C',0,0,90,15);
INSERT INTO academy_curso VALUES(2,'Curso de Django','C',0,0,90,13);
INSERT INTO academy_curso VALUES(20,'SAT','C',NULL,NULL,90,20);
CREATE TABLE temp_REPS(
  "email" TEXT,
  "Nombre" TEXT,
  "Apellido" TEXT,
  "Celular" TEXT
);
INSERT INTO temp_REPS VALUES('mariselavargasr@gmail.com','Marisela','Vargas','');
INSERT INTO temp_REPS VALUES('orlymorenoo@gmail.com','Orly','Moreno','''+51 935 857 737');
INSERT INTO temp_REPS VALUES('paolamarronippoliti@gmail.com','Paola','2000Hojas','0414-8580911');
INSERT INTO temp_REPS VALUES('isabel.redden@gmail.com','Isabel','Redden','0414-8818459');
INSERT INTO temp_REPS VALUES('teravideotipuro@gmail.com','Anibal','','0424-9186125');
INSERT INTO temp_REPS VALUES('spawding16@gmail.com','Jose','Arias','0414-1858566');
INSERT INTO temp_REPS VALUES('natalia.fuenmayor.21@gmail.com','Natalia','Fuenmayor','');
INSERT INTO temp_REPS VALUES('isabelinciarte@gmail.com','','','');
INSERT INTO temp_REPS VALUES('erikagdeadrian@gmail.com','Erika','De Adrian','');
INSERT INTO temp_REPS VALUES('cavigu2007@gmail.com','Camila','Giucionne','');
INSERT INTO temp_REPS VALUES('helenmarcano71@gmail.com','Helen','Marcano','');
INSERT INTO temp_REPS VALUES('velozjuan1803@gmail.com','Juan','Veloz','');
INSERT INTO temp_REPS VALUES('azocarfarias@gmail.com','Monica','Vecina Casa 38','');
INSERT INTO temp_REPS VALUES('lidisotillet@gmail.com','Lidiana','Gonzalez','');
INSERT INTO temp_REPS VALUES('jmarinj@lafontana.edu.co','Julieta','Marin','');
INSERT INTO temp_REPS VALUES('johana05muller@gmail.com','Johana','Muller	','');
INSERT INTO temp_REPS VALUES('santiagocadavid200612@gmail.com','Santiago','Montoya	','');
INSERT INTO temp_REPS VALUES('baesmi1@hotmail.com','Carla','Mejia	','');
INSERT INTO temp_REPS VALUES('sofielevano@gmail.com','Mirella','Nuñez	','');
INSERT INTO temp_REPS VALUES('gingersalazar2604@hotmail.com','Ginger','Salazar	 ','');
INSERT INTO temp_REPS VALUES('jotaloraz@gmail.com','Jor','Ot','');
INSERT INTO temp_REPS VALUES('anaelialfonso306@gmail.com','Ana','Alfonso','');
INSERT INTO temp_REPS VALUES('marievapaula@gmail.com','Marieva','Camacho','');
INSERT INTO temp_REPS VALUES('juandresalazar2009@gmail.com','Juan Andrés','Salazar','');
INSERT INTO temp_REPS VALUES('mdiazospino83@gmail.com','Mariana','Ospino','');
INSERT INTO temp_REPS VALUES('yulianasanchez812@gmail.com','Yuliana','Sanchez','');
INSERT INTO temp_REPS VALUES('sagb4454@gmail.com','Sebastian','Guevara','');
INSERT INTO temp_REPS VALUES('mariagfebres@gmail.com','Roxana','','');
INSERT INTO temp_REPS VALUES('anajvespas@gmail.com','Ana Julia','Vespa','');
INSERT INTO temp_REPS VALUES('salocami2@gmail.com','Lourdes','Sebastiani','');
INSERT INTO temp_REPS VALUES('francisvillarroel@hotmail.com','Francis','Villarroel','');
INSERT INTO temp_REPS VALUES('elgaavendano@hotmail.com','Elga','Avendano','');
INSERT INTO temp_REPS VALUES('reyes.charlye@gmail.com','Charlye','Reyes','');
INSERT INTO temp_REPS VALUES('caricrpt23@gmail.com','Carina','Ruiz','');
INSERT INTO temp_REPS VALUES('auraeram@gmail.com','Aura','Ramirez','');
INSERT INTO temp_REPS VALUES('argelrojas@gmail.com','Argel','Rojas','');
INSERT INTO temp_REPS VALUES('bienesraicesmaturin@gmail.com','Anarelys','De Bolivar','');
INSERT INTO temp_REPS VALUES('nereligmalave@gmail.com','Nerelig','Malavé','');
INSERT INTO temp_REPS VALUES('Orianae@hotmail.com','Oriana ','Espejo','');
INSERT INTO temp_REPS VALUES('Esmiher57@gmail.com','Esmirher ','Rojas','');
INSERT INTO temp_REPS VALUES('Elianar80@hotmail.com','Eliana ','Rodr¡guez ','');
INSERT INTO temp_REPS VALUES('atermini2002@hotmail.com','Ana María','Termini','');
INSERT INTO temp_REPS VALUES('Lisboay@pdvsa.com','Yulitza ','Lisboa','');
INSERT INTO temp_REPS VALUES('yenny-hernandez@hotmail.com','Yenny ','Hernandez','');
INSERT INTO temp_REPS VALUES('Santiago.yasmin@gmail.com','Yasmin ','Santiago','');
INSERT INTO temp_REPS VALUES('yacce.221828@gmail.com','Yaccelis ','de Cede¤o','');
INSERT INTO temp_REPS VALUES('Veroisa70@gmail.com','Veronika ','de Ibarra ','');
INSERT INTO temp_REPS VALUES('Veronikagonza5@gmail.com','Veronica ','de Villarroel','');
INSERT INTO temp_REPS VALUES('Sharifblanco@gmail.com','Sharif ','Blanco Rios','');
INSERT INTO temp_REPS VALUES('sairit.cristancho1313@gmail.com','Sairit ','Cristancho','');
INSERT INTO temp_REPS VALUES('Nairovilla@gmail.com','Nairovis','Villafranca','');
INSERT INTO temp_REPS VALUES('Rossyvalderraman@gmail.com','Rossy ','Valderrama','');
INSERT INTO temp_REPS VALUES('Roscarve@hotmail.com','Rossan ','Rodriguez','');
INSERT INTO temp_REPS VALUES('Rosiris.martinez@movilnet.com.ve','Rosiris ','Martines','');
INSERT INTO temp_REPS VALUES('rosannelkrv@gmail.com','Rosannel ','Rojas','');
INSERT INTO temp_REPS VALUES('diabrawad@hotmail.com','Rawad ','Diab','');
INSERT INTO temp_REPS VALUES('raniachebli2722@gmail.com','Rania ','Mahmoud','');
INSERT INTO temp_REPS VALUES('omarycova@hotmail.com','Omari ','Cova','');
INSERT INTO temp_REPS VALUES('monicazer@gmail.com','Monica ','Zerpa','');
INSERT INTO temp_REPS VALUES('mirciar@hotmail.com','Mircia ','Rivas','');
INSERT INTO temp_REPS VALUES('Marymaitam@gmail.com','Mary ','Maita','');
INSERT INTO temp_REPS VALUES('maryisabel2901@hotmail.com','Mary ','Garcia','');
INSERT INTO temp_REPS VALUES('morocho_2@hotmail.es','Mar¡a Gabriela','Guzman','');
INSERT INTO temp_REPS VALUES('mcgb19@gmail.com','Mar¡a del Carmen','Gil','');
INSERT INTO temp_REPS VALUES('mariaaquijadaa@hotmail.com','Maria Alejandra','Quijada','');
INSERT INTO temp_REPS VALUES('cochita79@hotmail.com','Maria ','Di Teodoro ','');
INSERT INTO temp_REPS VALUES('Magalyguerrag@gmail.com','Magaly ','Guerra','');
INSERT INTO temp_REPS VALUES('Lorena.guzmanh@hotmail.com','Lorena ','Guzm n','');
INSERT INTO temp_REPS VALUES('lizlopezzerpa@gmail.com','Lizlety','Lopez','');
INSERT INTO temp_REPS VALUES('lismar11@hotmail.com','Lismar ','Navarro','');
INSERT INTO temp_REPS VALUES('Marcanolismar75@gmail.com','Lismar ','Marcano','');
INSERT INTO temp_REPS VALUES('Letiziaff@hotmail.com','Letizia ','Ferraro','');
INSERT INTO temp_REPS VALUES('bermudezysebastiani@hotmail.com','Leonel Jos‚','Sebastiani','');
INSERT INTO temp_REPS VALUES('leorsalazarc@gmail.com','Leonardo ','Salazar','');
INSERT INTO temp_REPS VALUES('josefinafarrayeh@gmail.com','Josefina ','Farraye','');
INSERT INTO temp_REPS VALUES('gaby_osorio78@hotmail.com','Gabriela ','Osorio','');
INSERT INTO temp_REPS VALUES('Frankisantilliv@gmail.com','Franki ','Santilli','');
INSERT INTO temp_REPS VALUES('Francyfranco6000@hotmail.com','Francy ','Franco','');
INSERT INTO temp_REPS VALUES('FANNY-DAGUAR29@HOTMAIL.COM','Fanny','Mujica','');
INSERT INTO temp_REPS VALUES('escarlethalen.79@gmail.com','Escarlet ','De Aguilera','');
INSERT INTO temp_REPS VALUES('easp5@hotmail.com','Erika ','Smith','');
INSERT INTO temp_REPS VALUES('enzocolape@hotmail.com','Enzo ','Colapetella','');
INSERT INTO temp_REPS VALUES('elizveracar@gmail.com','Elizabeth ','Vera','');
INSERT INTO temp_REPS VALUES('elisairethc@hotmail.com','Elisaireth ','Contreras','');
INSERT INTO temp_REPS VALUES('Elbitamariana@hotmail.com','Elba ','Gonzalez','');
INSERT INTO temp_REPS VALUES('deybidt@gmail.com','Deybidt ','Certucce','');
INSERT INTO temp_REPS VALUES('deilis.alejandra@hotmail.com','Deilis ','Giannasca','');
INSERT INTO temp_REPS VALUES('Autorepuestospicha@gmail.com','Daniela ','Paolini','');
INSERT INTO temp_REPS VALUES('Caroconcha44@gmail.com','Carolina ','Concha','');
INSERT INTO temp_REPS VALUES('cjsalazar44@gmail.com','Carmen ','Salazar','');
INSERT INTO temp_REPS VALUES('brizaprez@gmail.com','Brizaida ','Perez','');
INSERT INTO temp_REPS VALUES('rocaica@hotmail.com','Anna Katerine','Rodriguez','');
INSERT INTO temp_REPS VALUES('anaismarchan61@gmail.com','Anais ','Marchan','');
INSERT INTO temp_REPS VALUES('anitaluisag@yahoo.com.ve','Ana Luisa','Gonzalez','');
INSERT INTO temp_REPS VALUES('ajuliardiaz@gmail.com','Ana Julia','Rodr¡guez Diaz','');
INSERT INTO temp_REPS VALUES('adacenteno30@hotmail.com','Ada ','Centeno','');
INSERT INTO temp_REPS VALUES('mcamachog@hotmail.com','Maryvi','Camacho','''+584248822350');
INSERT INTO temp_REPS VALUES('aresolveronline@gmail.com','Maryvi','Camacho','');
CREATE TABLE IF NOT EXISTS "academy_pago" ("id" integer NOT NULL PRIMARY KEY AUTOINCREMENT, "fecha_pago" date NOT NULL, "monto" decimal NOT NULL, "fecha_inicio" date NOT NULL, "alumno_id" bigint NOT NULL REFERENCES "academy_alumno" ("id") DEFERRABLE INITIALLY DEFERRED, "academia_id" bigint NULL REFERENCES "academy_academia" ("id") DEFERRABLE INITIALLY DEFERRED, "total_clases" integer NOT NULL, "curso_id" bigint NULL REFERENCES "academy_curso" ("id") DEFERRABLE INITIALLY DEFERRED);
INSERT INTO academy_pago VALUES(6,'2023-02-07',12,'2023-02-22',4,NULL,5,NULL);
INSERT INTO academy_pago VALUES(9,'2023-02-28',52,'2023-03-01',15,NULL,4,NULL);
INSERT INTO academy_pago VALUES(12,'2023-03-13',52,'2023-03-13',8,1,4,NULL);
INSERT INTO academy_pago VALUES(13,'2023-03-13',52,'2023-03-13',7,1,4,NULL);
INSERT INTO academy_pago VALUES(14,'2023-01-13',52,'2023-01-13',7,1,4,NULL);
INSERT INTO academy_pago VALUES(15,'2023-03-14',52,'2023-03-09',5,1,4,NULL);
INSERT INTO academy_pago VALUES(16,'2023-03-16',52,'2023-03-17',4,1,4,NULL);
INSERT INTO academy_pago VALUES(17,'2023-03-24',52,'2023-03-24',8,1,4,NULL);
INSERT INTO academy_pago VALUES(18,'2023-02-15',52,'2023-03-24',8,1,4,NULL);
INSERT INTO academy_pago VALUES(19,'2023-02-22',52,'2023-02-07',4,1,4,NULL);
INSERT INTO academy_pago VALUES(34,'2023-04-03',60,'2023-04-03',20,1,4,NULL);
INSERT INTO academy_pago VALUES(36,'2023-04-07',10,'2023-04-07',22,4,0.69999999999999995559,NULL);
INSERT INTO academy_pago VALUES(37,'2023-03-15',15,'2023-03-15',20,1,1,NULL);
INSERT INTO academy_pago VALUES(42,'2023-04-17',143,'2023-04-25',20,1,11,NULL);
INSERT INTO academy_pago VALUES(43,'2023-04-25',120,'2023-04-26',16,1,9,2);
INSERT INTO academy_pago VALUES(45,'2023-03-13',52,'2023-03-13',16,1,4,2);
INSERT INTO academy_pago VALUES(47,'2023-05-23',100,'2023-05-23',24,1,5,20);
CREATE TABLE IF NOT EXISTS "academy_asistencia" ("id" integer NOT NULL PRIMARY KEY AUTOINCREMENT, "alumno_id" bigint NOT NULL REFERENCES "academy_alumno" ("id") DEFERRABLE INITIALLY DEFERRED, "fecha" date NOT NULL, "academia_id" bigint NULL REFERENCES "academy_academia" ("id") DEFERRABLE INITIALLY DEFERRED, "tutor_id" bigint NULL REFERENCES "academy_tutor" ("id") DEFERRABLE INITIALLY DEFERRED, "curso_id" bigint NULL REFERENCES "academy_curso" ("id") DEFERRABLE INITIALLY DEFERRED, "cantidad_sesiones" integer NOT NULL);
INSERT INTO academy_asistencia VALUES(6,4,'2023-02-01',NULL,NULL,NULL,1);
INSERT INTO academy_asistencia VALUES(8,4,'2023-02-06',NULL,NULL,NULL,1);
INSERT INTO academy_asistencia VALUES(11,4,'2023-02-13',NULL,NULL,NULL,1);
INSERT INTO academy_asistencia VALUES(13,7,'2023-02-09',NULL,NULL,NULL,1);
INSERT INTO academy_asistencia VALUES(14,7,'2023-02-11',NULL,NULL,NULL,1);
INSERT INTO academy_asistencia VALUES(15,7,'2023-02-13',NULL,NULL,NULL,1);
INSERT INTO academy_asistencia VALUES(16,7,'2023-02-14',NULL,NULL,NULL,1);
INSERT INTO academy_asistencia VALUES(17,8,'2023-02-09',NULL,NULL,NULL,1);
INSERT INTO academy_asistencia VALUES(18,8,'2023-02-11',NULL,NULL,NULL,1);
INSERT INTO academy_asistencia VALUES(19,8,'2023-02-13',NULL,NULL,NULL,1);
INSERT INTO academy_asistencia VALUES(20,8,'2023-02-14',NULL,NULL,NULL,1);
INSERT INTO academy_asistencia VALUES(22,4,'2023-02-20',NULL,NULL,NULL,1);
INSERT INTO academy_asistencia VALUES(29,14,'2023-03-04',NULL,NULL,NULL,1);
INSERT INTO academy_asistencia VALUES(30,8,'2023-03-10',1,7,NULL,1);
INSERT INTO academy_asistencia VALUES(47,7,'2023-03-17',NULL,NULL,NULL,1);
INSERT INTO academy_asistencia VALUES(59,4,'2023-03-18',NULL,NULL,NULL,1);
INSERT INTO academy_asistencia VALUES(60,4,'2023-03-18',NULL,NULL,NULL,1);
INSERT INTO academy_asistencia VALUES(62,8,'2023-03-20',1,7,NULL,1);
INSERT INTO academy_asistencia VALUES(63,8,'2023-03-20',1,7,NULL,1);
INSERT INTO academy_asistencia VALUES(64,8,'2023-03-20',1,7,NULL,1);
INSERT INTO academy_asistencia VALUES(65,8,'2023-03-20',1,7,NULL,1);
INSERT INTO academy_asistencia VALUES(66,8,'2023-03-20',1,7,NULL,1);
INSERT INTO academy_asistencia VALUES(67,8,'2023-03-20',1,7,NULL,1);
INSERT INTO academy_asistencia VALUES(68,8,'2023-03-20',1,7,NULL,1);
INSERT INTO academy_asistencia VALUES(69,8,'2023-03-20',1,7,NULL,1);
INSERT INTO academy_asistencia VALUES(70,16,'2023-03-20',1,7,NULL,1);
INSERT INTO academy_asistencia VALUES(71,5,'2023-03-22',1,7,NULL,1);
INSERT INTO academy_asistencia VALUES(72,5,'2023-01-19',1,7,NULL,1);
INSERT INTO academy_asistencia VALUES(73,5,'2023-02-15',1,7,NULL,1);
INSERT INTO academy_asistencia VALUES(74,16,'2023-02-07',1,7,NULL,1);
INSERT INTO academy_asistencia VALUES(80,16,'2023-04-01',1,7,NULL,1);
INSERT INTO academy_asistencia VALUES(98,21,'2023-04-07',1,7,NULL,1);
INSERT INTO academy_asistencia VALUES(99,20,'2023-04-03',1,7,NULL,1);
INSERT INTO academy_asistencia VALUES(100,20,'2023-04-05',1,7,NULL,1);
INSERT INTO academy_asistencia VALUES(102,20,'2023-04-06',1,7,NULL,2);
INSERT INTO academy_asistencia VALUES(103,20,'2023-04-15',1,7,NULL,1);
INSERT INTO academy_asistencia VALUES(104,20,'2023-03-15',1,7,NULL,1);
INSERT INTO academy_asistencia VALUES(105,20,'2023-03-15',1,7,NULL,1);
INSERT INTO academy_asistencia VALUES(109,20,'2023-04-25',1,7,NULL,1);
INSERT INTO academy_asistencia VALUES(111,20,'2023-04-25',1,7,NULL,1);
INSERT INTO academy_asistencia VALUES(112,16,'2023-04-27',1,7,NULL,1);
INSERT INTO academy_asistencia VALUES(113,16,'2023-05-02',1,7,NULL,1);
INSERT INTO academy_asistencia VALUES(114,16,'2023-05-05',1,7,NULL,1);
INSERT INTO academy_asistencia VALUES(115,16,'2023-05-04',1,7,NULL,1);
INSERT INTO academy_asistencia VALUES(117,4,'2023-05-01',1,7,2,1);
INSERT INTO academy_asistencia VALUES(120,4,'2023-05-03',1,7,2,1);
INSERT INTO academy_asistencia VALUES(121,23,'2023-05-24',1,7,1,1);
INSERT INTO academy_asistencia VALUES(122,23,'2023-05-25',1,7,1,1);
INSERT INTO academy_asistencia VALUES(123,23,'2023-05-26',1,7,1,1);
INSERT INTO academy_asistencia VALUES(126,24,'2023-05-25',1,7,20,1);
INSERT INTO academy_asistencia VALUES(127,24,'2023-05-23',1,7,20,1);
DELETE FROM sqlite_sequence;
INSERT INTO sqlite_sequence VALUES('django_migrations',70);
INSERT INTO sqlite_sequence VALUES('django_content_type',13);
INSERT INTO sqlite_sequence VALUES('auth_permission',52);
INSERT INTO sqlite_sequence VALUES('auth_group',0);
INSERT INTO sqlite_sequence VALUES('academy_alumno',24);
INSERT INTO sqlite_sequence VALUES('django_admin_log',23);
INSERT INTO sqlite_sequence VALUES('academy_representante',111);
INSERT INTO sqlite_sequence VALUES('academy_tutor',11);
INSERT INTO sqlite_sequence VALUES('academy_alumno_academias',21);
INSERT INTO sqlite_sequence VALUES('academy_user',8);
INSERT INTO sqlite_sequence VALUES('academy_academia',4);
INSERT INTO sqlite_sequence VALUES('academy_curso',20);
INSERT INTO sqlite_sequence VALUES('academy_pago',47);
INSERT INTO sqlite_sequence VALUES('academy_asistencia',127);
CREATE UNIQUE INDEX "django_content_type_app_label_model_76bd3d3b_uniq" ON "django_content_type" ("app_label", "model");
CREATE UNIQUE INDEX "auth_group_permissions_group_id_permission_id_0cd325b0_uniq" ON "auth_group_permissions" ("group_id", "permission_id");
CREATE INDEX "auth_group_permissions_group_id_b120cbf9" ON "auth_group_permissions" ("group_id");
CREATE INDEX "auth_group_permissions_permission_id_84c5c92e" ON "auth_group_permissions" ("permission_id");
CREATE UNIQUE INDEX "auth_permission_content_type_id_codename_01ab375a_uniq" ON "auth_permission" ("content_type_id", "codename");
CREATE INDEX "auth_permission_content_type_id_2f476e4b" ON "auth_permission" ("content_type_id");
CREATE UNIQUE INDEX "academy_user_groups_user_id_group_id_582a136e_uniq" ON "academy_user_groups" ("user_id", "group_id");
CREATE INDEX "academy_user_groups_user_id_f98ef02a" ON "academy_user_groups" ("user_id");
CREATE INDEX "academy_user_groups_group_id_e833d113" ON "academy_user_groups" ("group_id");
CREATE UNIQUE INDEX "academy_user_user_permissions_user_id_permission_id_98e9286c_uniq" ON "academy_user_user_permissions" ("user_id", "permission_id");
CREATE INDEX "academy_user_user_permissions_user_id_b3da84b1" ON "academy_user_user_permissions" ("user_id");
CREATE INDEX "academy_user_user_permissions_permission_id_391d112e" ON "academy_user_user_permissions" ("permission_id");
CREATE INDEX "django_admin_log_content_type_id_c4bce8eb" ON "django_admin_log" ("content_type_id");
CREATE INDEX "django_admin_log_user_id_c564eba6" ON "django_admin_log" ("user_id");
CREATE INDEX "django_session_expire_date_a5c62663" ON "django_session" ("expire_date");
CREATE INDEX "academy_alumno_representante_id_99a02bd6" ON "academy_alumno" ("representante_id");
CREATE UNIQUE INDEX "academy_alumno_academias_alumno_id_academia_id_bcc8d03b_uniq" ON "academy_alumno_academias" ("alumno_id", "academia_id");
CREATE INDEX "academy_alumno_academias_alumno_id_e2f1f32c" ON "academy_alumno_academias" ("alumno_id");
CREATE INDEX "academy_alumno_academias_academia_id_e30ecebd" ON "academy_alumno_academias" ("academia_id");
CREATE INDEX "academy_tutor_academia_id_992d5708" ON "academy_tutor" ("academia_id");
CREATE INDEX "academy_representante_academia_id_bcadcc60" ON "academy_representante" ("academia_id");
CREATE INDEX "academy_pago_alumno_id_e7bb5b27" ON "academy_pago" ("alumno_id");
CREATE INDEX "academy_pago_academia_id_d1ea9ff4" ON "academy_pago" ("academia_id");
CREATE INDEX "academy_asistencia_alumno_id_3a29cce0" ON "academy_asistencia" ("alumno_id");
CREATE INDEX "academy_asistencia_academia_id_5dfe2474" ON "academy_asistencia" ("academia_id");
CREATE INDEX "academy_asistencia_tutor_id_54e4b8e4" ON "academy_asistencia" ("tutor_id");
CREATE INDEX "academy_asistencia_curso_id_c2b76f8c" ON "academy_asistencia" ("curso_id");
CREATE INDEX "academy_pago_curso_id_7614fb4c" ON "academy_pago" ("curso_id");
COMMIT;
